density,generation,average
10,0,9
10,1,3
10,2,2
10,3,2
10,4,2
10,5,2
10,6,2
10,7,2
10,8,2
10,9,2
10,10,2
10,11,2
10,12,2
10,13,2
10,14,2
10,15,2
10,16,2
10,17,2
10,18,2
10,19,2
20,0,19
20,1,15
20,2,13
20,3,13
20,4,13
20,5,12
20,6,11
20,7,10
20,8,10
20,9,10
20,10,10
20,11,9
20,12,9
20,13,9
20,14,9
20,15,8
20,16,8
20,17,8
20,18,7
20,19,8
30,0,30
30,1,29
30,2,25
30,3,24
30,4,21
30,5,19
30,6,18
30,7,17
30,8,15
30,9,15
30,10,15
30,11,14
30,12,14
30,13,13
30,14,13
30,15,13
30,16,12
30,17,12
30,18,11
30,19,11
40,0,40
40,1,35
40,2,31
40,3,27
40,4,25
40,5,23
40,6,21
40,7,20
40,8,19
40,9,18
40,10,17
40,11,16
40,12,15
40,13,15
40,14,14
40,15,14
40,16,13
40,17,13
40,18,13
40,19,12
50,0,49
50,1,34
50,2,31
50,3,28
50,4,25
50,5,23
50,6,21
50,7,20
50,8,19
50,9,17
50,10,17
50,11,17
50,12,15
50,13,14
50,14,13
50,15,12
50,16,12
50,17,12
50,18,11
50,19,11
60,0,60
60,1,26
60,2,21
60,3,18
60,4,16
60,5,15
60,6,14
60,7,13
60,8,12
60,9,12
60,10,11
60,11,11
60,12,11
60,13,10
60,14,10
60,15,9
60,16,9
60,17,9
60,18,8
60,19,9
70,0,70
70,1,18
70,2,11
70,3,8
70,4,6
70,5,5
70,6,5
70,7,5
70,8,5
70,9,5
70,10,5
70,11,4
70,12,5
70,13,5
70,14,4
70,15,4
70,16,4
70,17,4
70,18,4
70,19,4
80,0,80
80,1,11
80,2,5
80,3,3
80,4,2
80,5,2
80,6,2
80,7,2
80,8,2
80,9,2
80,10,2
80,11,2
80,12,2
80,13,2
80,14,2
80,15,2
80,16,2
80,17,2
80,18,2
80,19,2
90,0,90
90,1,6
90,2,0
90,3,0
90,4,0
90,5,0
90,6,0
90,7,0
90,8,0
90,9,0
90,10,0
90,11,0
90,12,0
90,13,0
90,14,0
90,15,0
90,16,0
90,17,0
90,18,0
90,19,0
100,0,100
100,1,4
100,2,0
100,3,0
100,4,0
100,5,0
100,6,0
100,7,0
100,8,0
100,9,0
100,10,0
100,11,0
100,12,0
100,13,0
100,14,0
100,15,0
100,16,0
100,17,0
100,18,0
100,19,0
